run,lane,barcode,donor,external_donor_id,library_name,library_design,tissue_type,tissue_origin,project,lims_id,run_match,lane_match,barcode_match,donor_match,external_donor_id_match,library_name_match,library_design_match,tissue_type_match,tissue_origin_match,project_match,lims_id_match,LOD_SCORE,pairwise_swap,match_called,swap_call
231106_A00469_0573_AHMJVMDSX7,1,AGTGCAGT-ATTCCGCT,REVOLVE_0018,SC-REV-018,REVOLVE_0018_14_LB01-01,WG,R,Ly,REVWGTS,6877_1_LDI106060,231106_A00469_0573_AHMJVMDSX7,1,TTGATCCG-AAGCTCAC,REVOLVE_0018,SC-REV-018,REVOLVE_0018_13_LB01-01,WG,M,Pm,REVWGTS,6877_1_LDI106059,7038.575653,False,True,False
231106_A00469_0573_AHMJVMDSX7,1,TTGATCCG-AAGCTCAC,REVOLVE_0018,SC-REV-018,REVOLVE_0018_13_LB01-01,WG,M,Pm,REVWGTS,6877_1_LDI106059,231106_A00469_0573_AHMJVMDSX7,1,AGTGCAGT-ATTCCGCT,REVOLVE_0018,SC-REV-018,REVOLVE_0018_14_LB01-01,WG,R,Ly,REVWGTS,6877_1_LDI106060,7038.575653,False,True,False
231024_A00469_0566_AHMHTLDSX7,4,TCTCGCGC-GCCTCTAT,REVOLVE_0016,SC-REV-016,REVOLVE_0016_16_LB02-01,WT,M,Pm,REVWGTS,6854_4_LDI105753,231020_A00469_0563_AHWMCNDSX5,1,TCTCGCAA-ACAAGACG,REVOLVE_0016,SC-REV-016,REVOLVE_0016_01_LB01-01,WG,R,Ly,REVWGTS,6847_1_LDI105745,493.477057,False,True,False
231024_A00469_0566_AHMHTLDSX7,4,TCTCGCGC-GCCTCTAT,REVOLVE_0016,SC-REV-016,REVOLVE_0016_16_LB02-01,WT,M,Pm,REVWGTS,6854_4_LDI105753,231020_A00469_0563_AHWMCNDSX5,1,ATCGGTGT-ACATGGAG,REVOLVE_0016,SC-REV-016,REVOLVE_0016_16_LB01-01,WG,M,Pm,REVWGTS,6847_1_LDI105746,483.256551,False,True,False
231024_A00469_0566_AHMHTLDSX7,3,TCTCGCGC-GCCTCTAT,REVOLVE_0016,SC-REV-016,REVOLVE_0016_16_LB02-01,WT,M,Pm,REVWGTS,6854_3_LDI105753,231020_A00469_0563_AHWMCNDSX5,1,ATCGGTGT-ACATGGAG,REVOLVE_0016,SC-REV-016,REVOLVE_0016_16_LB01-01,WG,M,Pm,REVWGTS,6847_1_LDI105746,470.565637,False,True,False
231024_A00469_0566_AHMHTLDSX7,3,TCTCGCGC-GCCTCTAT,REVOLVE_0016,SC-REV-016,REVOLVE_0016_16_LB02-01,WT,M,Pm,REVWGTS,6854_3_LDI105753,231020_A00469_0563_AHWMCNDSX5,1,TCTCGCAA-ACAAGACG,REVOLVE_0016,SC-REV-016,REVOLVE_0016_01_LB01-01,WG,R,Ly,REVWGTS,6847_1_LDI105745,468.236434,False,True,False
231020_A00469_0563_AHWMCNDSX5,1,ATCGGTGT-ACATGGAG,REVOLVE_0016,SC-REV-016,REVOLVE_0016_16_LB01-01,WG,M,Pm,REVWGTS,6847_1_LDI105746,231020_A00469_0563_AHWMCNDSX5,1,TCTCGCAA-ACAAGACG,REVOLVE_0016,SC-REV-016,REVOLVE_0016_01_LB01-01,WG,R,Ly,REVWGTS,6847_1_LDI105745,8260.110773,False,True,False
231020_A00469_0563_AHWMCNDSX5,1,ATCGGTGT-ACATGGAG,REVOLVE_0016,SC-REV-016,REVOLVE_0016_16_LB01-01,WG,M,Pm,REVWGTS,6847_1_LDI105746,231024_A00469_0566_AHMHTLDSX7,4,TCTCGCGC-GCCTCTAT,REVOLVE_0016,SC-REV-016,REVOLVE_0016_16_LB02-01,WT,M,Pm,REVWGTS,6854_4_LDI105753,483.256551,False,True,False
231020_A00469_0563_AHWMCNDSX5,1,ATCGGTGT-ACATGGAG,REVOLVE_0016,SC-REV-016,REVOLVE_0016_16_LB01-01,WG,M,Pm,REVWGTS,6847_1_LDI105746,231024_A00469_0566_AHMHTLDSX7,3,TCTCGCGC-GCCTCTAT,REVOLVE_0016,SC-REV-016,REVOLVE_0016_16_LB02-01,WT,M,Pm,REVWGTS,6854_3_LDI105753,470.565637,False,True,False
231020_A00469_0563_AHWMCNDSX5,1,TCTCGCAA-ACAAGACG,REVOLVE_0016,SC-REV-016,REVOLVE_0016_01_LB01-01,WG,R,Ly,REVWGTS,6847_1_LDI105745,231020_A00469_0563_AHWMCNDSX5,1,ATCGGTGT-ACATGGAG,REVOLVE_0016,SC-REV-016,REVOLVE_0016_16_LB01-01,WG,M,Pm,REVWGTS,6847_1_LDI105746,8260.110773,False,True,False
231020_A00469_0563_AHWMCNDSX5,1,TCTCGCAA-ACAAGACG,REVOLVE_0016,SC-REV-016,REVOLVE_0016_01_LB01-01,WG,R,Ly,REVWGTS,6847_1_LDI105745,231024_A00469_0566_AHMHTLDSX7,4,TCTCGCGC-GCCTCTAT,REVOLVE_0016,SC-REV-016,REVOLVE_0016_16_LB02-01,WT,M,Pm,REVWGTS,6854_4_LDI105753,493.477057,False,True,False
231020_A00469_0563_AHWMCNDSX5,1,TCTCGCAA-ACAAGACG,REVOLVE_0016,SC-REV-016,REVOLVE_0016_01_LB01-01,WG,R,Ly,REVWGTS,6847_1_LDI105745,231024_A00469_0566_AHMHTLDSX7,3,TCTCGCGC-GCCTCTAT,REVOLVE_0016,SC-REV-016,REVOLVE_0016_16_LB02-01,WT,M,Pm,REVWGTS,6854_3_LDI105753,468.236434,False,True,False
231106_A00469_0573_AHMJVMDSX7,1,CCTACTGA-ATGCGTCA,REVOLVE_0014,SC-REV-014,REVOLVE_0014_14_LB01-01,WG,R,Ly,REVWGTS,6877_1_LDI106056,231106_A00469_0573_AHMJVMDSX7,1,CCAAGTTG-TACATCGG,REVOLVE_0014,SC-REV-014,REVOLVE_0014_13_LB01-01,WG,M,Pm,REVWGTS,6877_1_LDI106055,8122.260386,False,True,False
231106_A00469_0573_AHMJVMDSX7,1,CCAAGTTG-TACATCGG,REVOLVE_0014,SC-REV-014,REVOLVE_0014_13_LB01-01,WG,M,Pm,REVWGTS,6877_1_LDI106055,231106_A00469_0573_AHMJVMDSX7,1,CCTACTGA-ATGCGTCA,REVOLVE_0014,SC-REV-014,REVOLVE_0014_14_LB01-01,WG,R,Ly,REVWGTS,6877_1_LDI106056,8122.260386,False,True,False
230919_A00469_0544_BHJLK2DSX7,1,CTAGGCAT-ACAGAGGT,REVOLVE_0012,SC-REV-012,REVOLVE_0012_04_LB03-01,WG,M,Om,REVWGTS,6776_1_LDI104345,230919_A00469_0544_BHJLK2DSX7,1,CTCTACTC-TAAGTGGC,REVOLVE_0012,SC-REV-012,REVOLVE_0012_01_LB02-01,WG,R,Ly,REVWGTS,6776_1_LDI104344,8200.847164,False,True,False
230919_A00469_0544_BHJLK2DSX7,1,CTAGGCAT-ACAGAGGT,REVOLVE_0012,SC-REV-012,REVOLVE_0012_04_LB03-01,WG,M,Om,REVWGTS,6776_1_LDI104345,230918_A00469_0543_AHLNCWDMXY,1,CTGAAGCT-AGGATAGG,REVOLVE_0012,SC-REV-012,REVOLVE_0012_04_LB02-01,WT,M,Om,REVWGTS,6773_1_LDI104124,129.637796,False,True,False
230918_A00469_0543_AHLNCWDMXY,1,CTGAAGCT-AGGATAGG,REVOLVE_0012,SC-REV-012,REVOLVE_0012_04_LB02-01,WT,M,Om,REVWGTS,6773_1_LDI104124,230919_A00469_0544_BHJLK2DSX7,1,CTCTACTC-TAAGTGGC,REVOLVE_0012,SC-REV-012,REVOLVE_0012_01_LB02-01,WG,R,Ly,REVWGTS,6776_1_LDI104344,136.709015,False,True,False
230918_A00469_0543_AHLNCWDMXY,1,CTGAAGCT-AGGATAGG,REVOLVE_0012,SC-REV-012,REVOLVE_0012_04_LB02-01,WT,M,Om,REVWGTS,6773_1_LDI104124,230919_A00469_0544_BHJLK2DSX7,1,CTAGGCAT-ACAGAGGT,REVOLVE_0012,SC-REV-012,REVOLVE_0012_04_LB03-01,WG,M,Om,REVWGTS,6776_1_LDI104345,129.637796,False,True,False
230919_A00469_0544_BHJLK2DSX7,1,CTCTACTC-TAAGTGGC,REVOLVE_0012,SC-REV-012,REVOLVE_0012_01_LB02-01,WG,R,Ly,REVWGTS,6776_1_LDI104344,230919_A00469_0544_BHJLK2DSX7,1,CTAGGCAT-ACAGAGGT,REVOLVE_0012,SC-REV-012,REVOLVE_0012_04_LB03-01,WG,M,Om,REVWGTS,6776_1_LDI104345,8200.847164,False,True,False
230919_A00469_0544_BHJLK2DSX7,1,CTCTACTC-TAAGTGGC,REVOLVE_0012,SC-REV-012,REVOLVE_0012_01_LB02-01,WG,R,Ly,REVWGTS,6776_1_LDI104344,230918_A00469_0543_AHLNCWDMXY,1,CTGAAGCT-AGGATAGG,REVOLVE_0012,SC-REV-012,REVOLVE_0012_04_LB02-01,WT,M,Om,REVWGTS,6773_1_LDI104124,136.709015,False,True,False
230831_A00469_0536_BH3MHCDRX3,1,TAATGCGC-ACGTCCTG,REVOLVE_0011,SC-REV-011,REVOLVE_0011_04_LB02-01,WT,M,Om,REVWGTS,6738_1_LDI103309,230825_A00469_0535_BHGH5CDSX7,1,AGTGGATC-TCGATGAC,REVOLVE_0011,SC-REV-011,REVOLVE_0011_01_LB01-01,WG,R,Ly,REVWGTS,6731_1_LDI103298,236.289588,False,True,False
230831_A00469_0536_BH3MHCDRX3,1,TAATGCGC-ACGTCCTG,REVOLVE_0011,SC-REV-011,REVOLVE_0011_04_LB02-01,WT,M,Om,REVWGTS,6738_1_LDI103309,230825_A00469_0535_BHGH5CDSX7,1,CAACACCT-AGCTACCA,REVOLVE_0011,SC-REV-011,REVOLVE_0011_04_LB01-01,WG,M,Om,REVWGTS,6731_1_LDI103296,229.519511,False,True,False
230825_A00469_0535_BHGH5CDSX7,1,CAACACCT-AGCTACCA,REVOLVE_0011,SC-REV-011,REVOLVE_0011_04_LB01-01,WG,M,Om,REVWGTS,6731_1_LDI103296,230825_A00469_0535_BHGH5CDSX7,1,AGTGGATC-TCGATGAC,REVOLVE_0011,SC-REV-011,REVOLVE_0011_01_LB01-01,WG,R,Ly,REVWGTS,6731_1_LDI103298,8296.864071,False,True,False
230825_A00469_0535_BHGH5CDSX7,1,CAACACCT-AGCTACCA,REVOLVE_0011,SC-REV-011,REVOLVE_0011_04_LB01-01,WG,M,Om,REVWGTS,6731_1_LDI103296,230831_A00469_0536_BH3MHCDRX3,1,TAATGCGC-ACGTCCTG,REVOLVE_0011,SC-REV-011,REVOLVE_0011_04_LB02-01,WT,M,Om,REVWGTS,6738_1_LDI103309,229.519511,False,True,False
230825_A00469_0535_BHGH5CDSX7,1,AGTGGATC-TCGATGAC,REVOLVE_0011,SC-REV-011,REVOLVE_0011_01_LB01-01,WG,R,Ly,REVWGTS,6731_1_LDI103298,230825_A00469_0535_BHGH5CDSX7,1,CAACACCT-AGCTACCA,REVOLVE_0011,SC-REV-011,REVOLVE_0011_04_LB01-01,WG,M,Om,REVWGTS,6731_1_LDI103296,8296.864071,False,True,False
230825_A00469_0535_BHGH5CDSX7,1,AGTGGATC-TCGATGAC,REVOLVE_0011,SC-REV-011,REVOLVE_0011_01_LB01-01,WG,R,Ly,REVWGTS,6731_1_LDI103298,230831_A00469_0536_BH3MHCDRX3,1,TAATGCGC-ACGTCCTG,REVOLVE_0011,SC-REV-011,REVOLVE_0011_04_LB02-01,WT,M,Om,REVWGTS,6738_1_LDI103309,236.289588,False,True,False
230804_A00469_0526_AHNKYLDSX5,1,TCAGGCTT-ATCATGCG,REVOLVE_0008,"SC-REV-10,SC-REV-010",REVOLVE_0008_02_LB01-01,WG,R,Ly,REVWGTS,6702_1_LDI102981,230804_A00469_0526_AHNKYLDSX5,1,TATCGGTC-TACCGGAT,REVOLVE_0008,"SC-REV-10,SC-REV-010",REVOLVE_0008_01_LB01-01,WG,M,Om,REVWGTS,6702_1_LDI102978,6285.352602,False,True,False
230804_A00469_0526_AHNKYLDSX5,1,TCAGGCTT-ATCATGCG,REVOLVE_0008,"SC-REV-10,SC-REV-010",REVOLVE_0008_02_LB01-01,WG,R,Ly,REVWGTS,6702_1_LDI102981,230811_A00469_0529_AHGKJ7DSX7,4,AGCGATAG-ACGTCCTG,REVOLVE_0008,"SC-REV-10,SC-REV-010",REVOLVE_0008_01_LB02-01,WT,M,Om,REVWGTS,6712_4_LDI103199,629.076127,False,True,False
230811_A00469_0529_AHGKJ7DSX7,4,AGCGATAG-ACGTCCTG,REVOLVE_0008,"SC-REV-10,SC-REV-010",REVOLVE_0008_01_LB02-01,WT,M,Om,REVWGTS,6712_4_LDI103199,230804_A00469_0526_AHNKYLDSX5,1,TATCGGTC-TACCGGAT,REVOLVE_0008,"SC-REV-10,SC-REV-010",REVOLVE_0008_01_LB01-01,WG,M,Om,REVWGTS,6702_1_LDI102978,646.134576,False,True,False
230811_A00469_0529_AHGKJ7DSX7,4,AGCGATAG-ACGTCCTG,REVOLVE_0008,"SC-REV-10,SC-REV-010",REVOLVE_0008_01_LB02-01,WT,M,Om,REVWGTS,6712_4_LDI103199,230804_A00469_0526_AHNKYLDSX5,1,TCAGGCTT-ATCATGCG,REVOLVE_0008,"SC-REV-10,SC-REV-010",REVOLVE_0008_02_LB01-01,WG,R,Ly,REVWGTS,6702_1_LDI102981,629.076127,False,True,False
230804_A00469_0526_AHNKYLDSX5,1,TATCGGTC-TACCGGAT,REVOLVE_0008,"SC-REV-10,SC-REV-010",REVOLVE_0008_01_LB01-01,WG,M,Om,REVWGTS,6702_1_LDI102978,230804_A00469_0526_AHNKYLDSX5,1,TCAGGCTT-ATCATGCG,REVOLVE_0008,"SC-REV-10,SC-REV-010",REVOLVE_0008_02_LB01-01,WG,R,Ly,REVWGTS,6702_1_LDI102981,6285.352602,False,True,False
230804_A00469_0526_AHNKYLDSX5,1,TATCGGTC-TACCGGAT,REVOLVE_0008,"SC-REV-10,SC-REV-010",REVOLVE_0008_01_LB01-01,WG,M,Om,REVWGTS,6702_1_LDI102978,230811_A00469_0529_AHGKJ7DSX7,4,AGCGATAG-ACGTCCTG,REVOLVE_0008,"SC-REV-10,SC-REV-010",REVOLVE_0008_01_LB02-01,WT,M,Om,REVWGTS,6712_4_LDI103199,646.134576,False,True,False
230804_A00469_0526_AHNKYLDSX5,1,TACGCCTT-GCTACTCT,REVOLVE_0007,REV-01-007,REVOLVE_0007_02_LB01-01,WG,R,Ly,REVWGTS,6702_1_LDI102980,230804_A00469_0526_AHNKYLDSX5,1,GTTCTCGT-TGTTCCGT,REVOLVE_0007,REV-01-007,REVOLVE_0007_01_LB01-01,WG,M,Om,REVWGTS,6702_1_LDI102977,7914.285609,False,True,False
230804_A00469_0526_AHNKYLDSX5,1,TACGCCTT-GCTACTCT,REVOLVE_0007,REV-01-007,REVOLVE_0007_02_LB01-01,WG,R,Ly,REVWGTS,6702_1_LDI102980,230811_A00469_0529_AHGKJ7DSX7,4,TCTCGCGC-ACGTCCTG,REVOLVE_0007,REV-01-007,REVOLVE_0007_01_LB02-01,WT,M,Om,REVWGTS,6712_4_LDI103198,855.499929,False,True,False
230811_A00469_0529_AHGKJ7DSX7,4,TCTCGCGC-ACGTCCTG,REVOLVE_0007,REV-01-007,REVOLVE_0007_01_LB02-01,WT,M,Om,REVWGTS,6712_4_LDI103198,230804_A00469_0526_AHNKYLDSX5,1,GTTCTCGT-TGTTCCGT,REVOLVE_0007,REV-01-007,REVOLVE_0007_01_LB01-01,WG,M,Om,REVWGTS,6702_1_LDI102977,869.533771,False,True,False
230811_A00469_0529_AHGKJ7DSX7,4,TCTCGCGC-ACGTCCTG,REVOLVE_0007,REV-01-007,REVOLVE_0007_01_LB02-01,WT,M,Om,REVWGTS,6712_4_LDI103198,230804_A00469_0526_AHNKYLDSX5,1,TACGCCTT-GCTACTCT,REVOLVE_0007,REV-01-007,REVOLVE_0007_02_LB01-01,WG,R,Ly,REVWGTS,6702_1_LDI102980,855.499929,False,True,False
230804_A00469_0526_AHNKYLDSX5,1,GTTCTCGT-TGTTCCGT,REVOLVE_0007,REV-01-007,REVOLVE_0007_01_LB01-01,WG,M,Om,REVWGTS,6702_1_LDI102977,230804_A00469_0526_AHNKYLDSX5,1,TACGCCTT-GCTACTCT,REVOLVE_0007,REV-01-007,REVOLVE_0007_02_LB01-01,WG,R,Ly,REVWGTS,6702_1_LDI102980,7914.285609,False,True,False
230804_A00469_0526_AHNKYLDSX5,1,GTTCTCGT-TGTTCCGT,REVOLVE_0007,REV-01-007,REVOLVE_0007_01_LB01-01,WG,M,Om,REVWGTS,6702_1_LDI102977,230811_A00469_0529_AHGKJ7DSX7,4,TCTCGCGC-ACGTCCTG,REVOLVE_0007,REV-01-007,REVOLVE_0007_01_LB02-01,WT,M,Om,REVWGTS,6712_4_LDI103198,869.533771,False,True,False
230721_A00469_0519_AHN22LDSX5,1,TTCGTTGG-TACACACG,REVOLVE_0006,REV-01-006,REVOLVE_0006_02_LB01-01,WG,R,Ly,REVWGTS,6676_1_LDI102565,230721_A00469_0519_AHN22LDSX5,1,TGGCATGT-CGTCTTCA,REVOLVE_0006,REV-01-006,REVOLVE_0006_01_LB01-01,WG,M,Pm,REVWGTS,6676_1_LDI102413,8189.688976,False,True,False
230721_A00469_0519_AHN22LDSX5,1,TTCGTTGG-TACACACG,REVOLVE_0006,REV-01-006,REVOLVE_0006_02_LB01-01,WG,R,Ly,REVWGTS,6676_1_LDI102565,230727_A00469_0521_AH7GWVDRX3,1,TAATGCGC-GCCTCTAT,REVOLVE_0006,REV-01-006,REVOLVE_0006_01_LB02-01,WT,M,Pm,REVWGTS,6685_1_LDI102864,699.874129,False,True,False
230727_A00469_0521_AH7GWVDRX3,1,TAATGCGC-GCCTCTAT,REVOLVE_0006,REV-01-006,REVOLVE_0006_01_LB02-01,WT,M,Pm,REVWGTS,6685_1_LDI102864,230721_A00469_0519_AHN22LDSX5,1,TTCGTTGG-TACACACG,REVOLVE_0006,REV-01-006,REVOLVE_0006_02_LB01-01,WG,R,Ly,REVWGTS,6676_1_LDI102565,699.874129,False,True,False
230727_A00469_0521_AH7GWVDRX3,1,TAATGCGC-GCCTCTAT,REVOLVE_0006,REV-01-006,REVOLVE_0006_01_LB02-01,WT,M,Pm,REVWGTS,6685_1_LDI102864,230721_A00469_0519_AHN22LDSX5,1,TGGCATGT-CGTCTTCA,REVOLVE_0006,REV-01-006,REVOLVE_0006_01_LB01-01,WG,M,Pm,REVWGTS,6676_1_LDI102413,684.486655,False,True,False
230721_A00469_0519_AHN22LDSX5,1,TGGCATGT-CGTCTTCA,REVOLVE_0006,REV-01-006,REVOLVE_0006_01_LB01-01,WG,M,Pm,REVWGTS,6676_1_LDI102413,230721_A00469_0519_AHN22LDSX5,1,TTCGTTGG-TACACACG,REVOLVE_0006,REV-01-006,REVOLVE_0006_02_LB01-01,WG,R,Ly,REVWGTS,6676_1_LDI102565,8189.688976,False,True,False
230721_A00469_0519_AHN22LDSX5,1,TGGCATGT-CGTCTTCA,REVOLVE_0006,REV-01-006,REVOLVE_0006_01_LB01-01,WG,M,Pm,REVWGTS,6676_1_LDI102413,230727_A00469_0521_AH7GWVDRX3,1,TAATGCGC-GCCTCTAT,REVOLVE_0006,REV-01-006,REVOLVE_0006_01_LB02-01,WT,M,Pm,REVWGTS,6685_1_LDI102864,684.486655,False,True,False
230707_A00469_0513_BHLFG5DSX5,1,GTGCCATA-CTCCTAGT,REVOLVE_0005,REV-01-005,REVOLVE_0005_04_LB02-01,WG,P,Pm,REVWGTS,6651_1_LDI102181,230707_A00469_0513_BHLFG5DSX5,1,GTCGAAGA-CCACATTG,REVOLVE_0005,REV-01-005,REVOLVE_0005_01_LB02-01,WG,R,Ly,REVWGTS,6651_1_LDI102180,7886.799671,False,True,False
230707_A00469_0513_BHLFG5DSX5,1,GTCGAAGA-CCACATTG,REVOLVE_0005,REV-01-005,REVOLVE_0005_01_LB02-01,WG,R,Ly,REVWGTS,6651_1_LDI102180,230707_A00469_0513_BHLFG5DSX5,1,GTGCCATA-CTCCTAGT,REVOLVE_0005,REV-01-005,REVOLVE_0005_04_LB02-01,WG,P,Pm,REVWGTS,6651_1_LDI102181,7886.799671,False,True,False
230426_A00469_0473_BHJCNTDMXY,1,CTGAAGCT-TAAGATTA,REVOLVE_0003,REV-01-003,REVOLVE_0003_16_LB02-01,WT,M,Pm,REVWGTS,6519_1_LDI98715,230501_A00469_0476_AHWMK3DSX5,1,CCGTAAGA-AGAGTCCA,REVOLVE_0003,REV-01-003,REVOLVE_0003_16_LB01-01,WG,M,Pm,REVWGTS,6530_1_LDI98490,661.494378,False,True,False
230426_A00469_0473_BHJCNTDMXY,1,CTGAAGCT-TAAGATTA,REVOLVE_0003,REV-01-003,REVOLVE_0003_16_LB02-01,WT,M,Pm,REVWGTS,6519_1_LDI98715,230501_A00469_0476_AHWMK3DSX5,1,ACGACTTG-AACAGCGA,REVOLVE_0003,REV-01-003,REVOLVE_0003_13_LB02-01,WG,R,Ly,REVWGTS,6530_1_LDI98489,633.354603,False,True,False
230501_A00469_0476_AHWMK3DSX5,1,CCGTAAGA-AGAGTCCA,REVOLVE_0003,REV-01-003,REVOLVE_0003_16_LB01-01,WG,M,Pm,REVWGTS,6530_1_LDI98490,230501_A00469_0476_AHWMK3DSX5,1,ACGACTTG-AACAGCGA,REVOLVE_0003,REV-01-003,REVOLVE_0003_13_LB02-01,WG,R,Ly,REVWGTS,6530_1_LDI98489,7963.887315,False,True,False
230501_A00469_0476_AHWMK3DSX5,1,CCGTAAGA-AGAGTCCA,REVOLVE_0003,REV-01-003,REVOLVE_0003_16_LB01-01,WG,M,Pm,REVWGTS,6530_1_LDI98490,230426_A00469_0473_BHJCNTDMXY,1,CTGAAGCT-TAAGATTA,REVOLVE_0003,REV-01-003,REVOLVE_0003_16_LB02-01,WT,M,Pm,REVWGTS,6519_1_LDI98715,661.494378,False,True,False
230501_A00469_0476_AHWMK3DSX5,1,ACGACTTG-AACAGCGA,REVOLVE_0003,REV-01-003,REVOLVE_0003_13_LB02-01,WG,R,Ly,REVWGTS,6530_1_LDI98489,230501_A00469_0476_AHWMK3DSX5,1,CCGTAAGA-AGAGTCCA,REVOLVE_0003,REV-01-003,REVOLVE_0003_16_LB01-01,WG,M,Pm,REVWGTS,6530_1_LDI98490,7963.887315,False,True,False
230501_A00469_0476_AHWMK3DSX5,1,ACGACTTG-AACAGCGA,REVOLVE_0003,REV-01-003,REVOLVE_0003_13_LB02-01,WG,R,Ly,REVWGTS,6530_1_LDI98489,230426_A00469_0473_BHJCNTDMXY,1,CTGAAGCT-TAAGATTA,REVOLVE_0003,REV-01-003,REVOLVE_0003_16_LB02-01,WT,M,Pm,REVWGTS,6519_1_LDI98715,633.354603,False,True,False
230426_A00469_0473_BHJCNTDMXY,2,GAATTCGT-TAAGATTA,REVOLVE_0002,REV-01-002,REVOLVE_0002_16_LB02-01,WT,M,Ln,REVWGTS,6519_2_LDI98714,230421_A00469_0469_AHFJF5DSX5,1,TGGTAGCT-AGGTGTTG,REVOLVE_0002,REV-01-002,REVOLVE_0002_13_LB02-01,WG,R,Ly,REVWGTS,6507_1_LDI98487,726.069842,False,True,False
230426_A00469_0473_BHJCNTDMXY,2,GAATTCGT-TAAGATTA,REVOLVE_0002,REV-01-002,REVOLVE_0002_16_LB02-01,WT,M,Ln,REVWGTS,6519_2_LDI98714,230421_A00469_0469_AHFJF5DSX5,1,AACGTCTG-AATGACGC,REVOLVE_0002,REV-01-002,REVOLVE_0002_16_LB01-01,WG,M,Ln,REVWGTS,6507_1_LDI98488,711.46777,False,True,False
230426_A00469_0473_BHJCNTDMXY,2,GAATTCGT-TAAGATTA,REVOLVE_0002,REV-01-002,REVOLVE_0002_16_LB02-01,WT,M,Ln,REVWGTS,6519_2_LDI98714,230503_A00469_0478_BHH3JLDSX5,1,AACGTCTG-AATGACGC,REVOLVE_0002,REV-01-002,REVOLVE_0002_16_LB01-01,WG,M,Ln,REVWGTS,6535_1_LDI98488,696.206281,False,True,False
230503_A00469_0478_BHH3JLDSX5,1,AACGTCTG-AATGACGC,REVOLVE_0002,REV-01-002,REVOLVE_0002_16_LB01-01,WG,M,Ln,REVWGTS,6535_1_LDI98488,230421_A00469_0469_AHFJF5DSX5,1,TGGTAGCT-AGGTGTTG,REVOLVE_0002,REV-01-002,REVOLVE_0002_13_LB02-01,WG,R,Ly,REVWGTS,6507_1_LDI98487,6754.22506,False,True,False
230503_A00469_0478_BHH3JLDSX5,1,AACGTCTG-AATGACGC,REVOLVE_0002,REV-01-002,REVOLVE_0002_16_LB01-01,WG,M,Ln,REVWGTS,6535_1_LDI98488,230426_A00469_0473_BHJCNTDMXY,2,GAATTCGT-TAAGATTA,REVOLVE_0002,REV-01-002,REVOLVE_0002_16_LB02-01,WT,M,Ln,REVWGTS,6519_2_LDI98714,696.206281,False,True,False
230421_A00469_0469_AHFJF5DSX5,1,AACGTCTG-AATGACGC,REVOLVE_0002,REV-01-002,REVOLVE_0002_16_LB01-01,WG,M,Ln,REVWGTS,6507_1_LDI98488,230421_A00469_0469_AHFJF5DSX5,1,TGGTAGCT-AGGTGTTG,REVOLVE_0002,REV-01-002,REVOLVE_0002_13_LB02-01,WG,R,Ly,REVWGTS,6507_1_LDI98487,7402.381789,False,True,False
230421_A00469_0469_AHFJF5DSX5,1,AACGTCTG-AATGACGC,REVOLVE_0002,REV-01-002,REVOLVE_0002_16_LB01-01,WG,M,Ln,REVWGTS,6507_1_LDI98488,230426_A00469_0473_BHJCNTDMXY,2,GAATTCGT-TAAGATTA,REVOLVE_0002,REV-01-002,REVOLVE_0002_16_LB02-01,WT,M,Ln,REVWGTS,6519_2_LDI98714,711.46777,False,True,False
230421_A00469_0469_AHFJF5DSX5,1,TGGTAGCT-AGGTGTTG,REVOLVE_0002,REV-01-002,REVOLVE_0002_13_LB02-01,WG,R,Ly,REVWGTS,6507_1_LDI98487,230421_A00469_0469_AHFJF5DSX5,1,AACGTCTG-AATGACGC,REVOLVE_0002,REV-01-002,REVOLVE_0002_16_LB01-01,WG,M,Ln,REVWGTS,6507_1_LDI98488,7402.381789,False,True,False
230421_A00469_0469_AHFJF5DSX5,1,TGGTAGCT-AGGTGTTG,REVOLVE_0002,REV-01-002,REVOLVE_0002_13_LB02-01,WG,R,Ly,REVWGTS,6507_1_LDI98487,230503_A00469_0478_BHH3JLDSX5,1,AACGTCTG-AATGACGC,REVOLVE_0002,REV-01-002,REVOLVE_0002_16_LB01-01,WG,M,Ln,REVWGTS,6535_1_LDI98488,6754.22506,False,True,False
230421_A00469_0469_AHFJF5DSX5,1,TGGTAGCT-AGGTGTTG,REVOLVE_0002,REV-01-002,REVOLVE_0002_13_LB02-01,WG,R,Ly,REVWGTS,6507_1_LDI98487,230426_A00469_0473_BHJCNTDMXY,2,GAATTCGT-TAAGATTA,REVOLVE_0002,REV-01-002,REVOLVE_0002_16_LB02-01,WT,M,Ln,REVWGTS,6519_2_LDI98714,726.069842,False,True,False
230426_A00469_0473_BHJCNTDMXY,1,TCCGGAGA-AGGCTATA,REVOLVE_0001,REV-01-001,REVOLVE_0001_16_LB02-01,WT,M,Om,REVWGTS,6519_1_LDI98941,230412_A00469_0464_BHFM2TDSX5,1,GATGTGTG-TAGCCATG,REVOLVE_0001,REV-01-001,REVOLVE_0001_16_LB01-01,WG,M,Om,REVWGTS,6487_1_LDI98382,938.973185,False,True,False
230426_A00469_0473_BHJCNTDMXY,1,TCCGGAGA-AGGCTATA,REVOLVE_0001,REV-01-001,REVOLVE_0001_16_LB02-01,WT,M,Om,REVWGTS,6519_1_LDI98941,230412_A00469_0464_BHFM2TDSX5,1,CATACCAC-AACAACCG,REVOLVE_0001,REV-01-001,REVOLVE_0001_01_LB02-01,WG,R,Ly,REVWGTS,6487_1_LDI98381,912.240432,False,True,False
230412_A00469_0464_BHFM2TDSX5,1,GATGTGTG-TAGCCATG,REVOLVE_0001,REV-01-001,REVOLVE_0001_16_LB01-01,WG,M,Om,REVWGTS,6487_1_LDI98382,230412_A00469_0464_BHFM2TDSX5,1,CATACCAC-AACAACCG,REVOLVE_0001,REV-01-001,REVOLVE_0001_01_LB02-01,WG,R,Ly,REVWGTS,6487_1_LDI98381,8016.335857,False,True,False
230412_A00469_0464_BHFM2TDSX5,1,GATGTGTG-TAGCCATG,REVOLVE_0001,REV-01-001,REVOLVE_0001_16_LB01-01,WG,M,Om,REVWGTS,6487_1_LDI98382,230426_A00469_0473_BHJCNTDMXY,1,TCCGGAGA-AGGCTATA,REVOLVE_0001,REV-01-001,REVOLVE_0001_16_LB02-01,WT,M,Om,REVWGTS,6519_1_LDI98941,938.973185,False,True,False
230412_A00469_0464_BHFM2TDSX5,1,CATACCAC-AACAACCG,REVOLVE_0001,REV-01-001,REVOLVE_0001_01_LB02-01,WG,R,Ly,REVWGTS,6487_1_LDI98381,230412_A00469_0464_BHFM2TDSX5,1,GATGTGTG-TAGCCATG,REVOLVE_0001,REV-01-001,REVOLVE_0001_16_LB01-01,WG,M,Om,REVWGTS,6487_1_LDI98382,8016.335857,False,True,False
230412_A00469_0464_BHFM2TDSX5,1,CATACCAC-AACAACCG,REVOLVE_0001,REV-01-001,REVOLVE_0001_01_LB02-01,WG,R,Ly,REVWGTS,6487_1_LDI98381,230426_A00469_0473_BHJCNTDMXY,1,TCCGGAGA-AGGCTATA,REVOLVE_0001,REV-01-001,REVOLVE_0001_16_LB02-01,WT,M,Om,REVWGTS,6519_1_LDI98941,912.240432,False,True,False
