run,lane,barcode,donor,external_donor_id,library_name,library_design,tissue_type,tissue_origin,project,lims_id,batches,swap_call
230412_A00469_0464_BHFM2TDSX5,1,CATACCAC-AACAACCG,REVOLVE_0001,REV-01-001,REVOLVE_0001_01_LB02-01,WG,R,Ly,REVWGTS,6487_1_LDI98381,2023-04-05_u144_s30_k154-140205,False
230412_A00469_0464_BHFM2TDSX5,1,GATGTGTG-TAGCCATG,REVOLVE_0001,REV-01-001,REVOLVE_0001_16_LB01-01,WG,M,Om,REVWGTS,6487_1_LDI98382,2023-04-05_u144_s30_k154-140205,False
230421_A00469_0469_AHFJF5DSX5,1,AACGTCTG-AATGACGC,REVOLVE_0002,REV-01-002,REVOLVE_0002_16_LB01-01,WG,M,Ln,REVWGTS,6507_1_LDI98488,2023-04-11_u157_s30_k154-139702,False
230421_A00469_0469_AHFJF5DSX5,1,TGGTAGCT-AGGTGTTG,REVOLVE_0002,REV-01-002,REVOLVE_0002_13_LB02-01,WG,R,Ly,REVWGTS,6507_1_LDI98487,2023-04-11_u157_s30_k154-139702,False
230426_A00469_0473_BHJCNTDMXY,1,CTGAAGCT-TAAGATTA,REVOLVE_0003,REV-01-003,REVOLVE_0003_16_LB02-01,WT,M,Pm,REVWGTS,6519_1_LDI98715,2023-04-12_u142_s25_k160-20692132 20706646 20709278,False
230426_A00469_0473_BHJCNTDMXY,1,TCCGGAGA-AGGCTATA,REVOLVE_0001,REV-01-001,REVOLVE_0001_16_LB02-01,WT,M,Om,REVWGTS,6519_1_LDI98941,2023-04-14_u157_s25_k160-20711019,False
230426_A00469_0473_BHJCNTDMXY,2,GAATTCGT-TAAGATTA,REVOLVE_0002,REV-01-002,REVOLVE_0002_16_LB02-01,WT,M,Ln,REVWGTS,6519_2_LDI98714,2023-04-12_u142_s25_k160-20692132 20706646 20709278,False
230501_A00469_0476_AHWMK3DSX5,1,ACGACTTG-AACAGCGA,REVOLVE_0003,REV-01-003,REVOLVE_0003_13_LB02-01,WG,R,Ly,REVWGTS,6530_1_LDI98489,2023-04-11_u157_s30_k154-139702,False
230501_A00469_0476_AHWMK3DSX5,1,CCGTAAGA-AGAGTCCA,REVOLVE_0003,REV-01-003,REVOLVE_0003_16_LB01-01,WG,M,Pm,REVWGTS,6530_1_LDI98490,2023-04-11_u157_s30_k154-139702,False
230503_A00469_0478_BHH3JLDSX5,1,AACGTCTG-AATGACGC,REVOLVE_0002,REV-01-002,REVOLVE_0002_16_LB01-01,WG,M,Ln,REVWGTS,6535_1_LDI98488,2023-04-11_u157_s30_k154-139702,False
230707_A00469_0513_BHLFG5DSX5,1,GTCGAAGA-CCACATTG,REVOLVE_0005,REV-01-005,REVOLVE_0005_01_LB02-01,WG,R,Ly,REVWGTS,6651_1_LDI102180,2023-06-29_u157_s34_k154-140204,False
230707_A00469_0513_BHLFG5DSX5,1,GTGCCATA-CTCCTAGT,REVOLVE_0005,REV-01-005,REVOLVE_0005_04_LB02-01,WG,P,Pm,REVWGTS,6651_1_LDI102181,2023-06-29_u157_s34_k154-140204,False
230721_A00469_0519_AHN22LDSX5,1,TGGCATGT-CGTCTTCA,REVOLVE_0006,REV-01-006,REVOLVE_0006_01_LB01-01,WG,M,Pm,REVWGTS,6676_1_LDI102413,2023-07-11_u157_s34_k154-138644,False
230721_A00469_0519_AHN22LDSX5,1,TTCGTTGG-TACACACG,REVOLVE_0006,REV-01-006,REVOLVE_0006_02_LB01-01,WG,R,Ly,REVWGTS,6676_1_LDI102565,2023-07-12_u157_s34_k154-138622,False
230727_A00469_0521_AH7GWVDRX3,1,TAATGCGC-GCCTCTAT,REVOLVE_0006,REV-01-006,REVOLVE_0006_01_LB02-01,WT,M,Pm,REVWGTS,6685_1_LDI102864,2023-07-20_u142_s33_k160-20745758 20748850 20726125,False
230804_A00469_0526_AHNKYLDSX5,1,GTTCTCGT-TGTTCCGT,REVOLVE_0007,REV-01-007,REVOLVE_0007_01_LB01-01,WG,M,Om,REVWGTS,6702_1_LDI102977,2023-08-01_u157_s34_k154-140204,False
230804_A00469_0526_AHNKYLDSX5,1,TACGCCTT-GCTACTCT,REVOLVE_0007,REV-01-007,REVOLVE_0007_02_LB01-01,WG,R,Ly,REVWGTS,6702_1_LDI102980,2023-08-01_u157_s34_k154-140204,False
230804_A00469_0526_AHNKYLDSX5,1,TATCGGTC-TACCGGAT,REVOLVE_0008,"SC-REV-10,SC-REV-010",REVOLVE_0008_01_LB01-01,WG,M,Om,REVWGTS,6702_1_LDI102978,2023-08-01_u157_s34_k154-140204,False
230804_A00469_0526_AHNKYLDSX5,1,TCAGGCTT-ATCATGCG,REVOLVE_0008,"SC-REV-10,SC-REV-010",REVOLVE_0008_02_LB01-01,WG,R,Ly,REVWGTS,6702_1_LDI102981,2023-08-01_u157_s34_k154-140204,False
230811_A00469_0529_AHGKJ7DSX7,4,AGCGATAG-ACGTCCTG,REVOLVE_0008,"SC-REV-10,SC-REV-010",REVOLVE_0008_01_LB02-01,WT,M,Om,REVWGTS,6712_4_LDI103199,2023-08-02_u142_s33_k160-20745758 20748850 20726125,False
230811_A00469_0529_AHGKJ7DSX7,4,TCTCGCGC-ACGTCCTG,REVOLVE_0007,REV-01-007,REVOLVE_0007_01_LB02-01,WT,M,Om,REVWGTS,6712_4_LDI103198,2023-08-02_u142_s33_k160-20745758 20748850 20726125,False
230825_A00469_0535_BHGH5CDSX7,1,AGTGGATC-TCGATGAC,REVOLVE_0011,SC-REV-011,REVOLVE_0011_01_LB01-01,WG,R,Ly,REVWGTS,6731_1_LDI103298,2023-08-16_u166_s34_k154-138644,False
230825_A00469_0535_BHGH5CDSX7,1,CAACACCT-AGCTACCA,REVOLVE_0011,SC-REV-011,REVOLVE_0011_04_LB01-01,WG,M,Om,REVWGTS,6731_1_LDI103296,2023-08-16_u166_s34_k154-138644,False
230831_A00469_0536_BH3MHCDRX3,1,TAATGCGC-ACGTCCTG,REVOLVE_0011,SC-REV-011,REVOLVE_0011_04_LB02-01,WT,M,Om,REVWGTS,6738_1_LDI103309,2023-08-17_u142_s33_k160-20745758 20748850 20726125,False
230918_A00469_0543_AHLNCWDMXY,1,CTGAAGCT-AGGATAGG,REVOLVE_0012,SC-REV-012,REVOLVE_0012_04_LB02-01,WT,M,Om,REVWGTS,6773_1_LDI104124,2023-09-06_u157_s33_k160-20753875 20756999 20726125,False
230919_A00469_0544_BHJLK2DSX7,1,CTAGGCAT-ACAGAGGT,REVOLVE_0012,SC-REV-012,REVOLVE_0012_04_LB03-01,WG,M,Om,REVWGTS,6776_1_LDI104345,2023-09-13_u166_s34_k154-138644,False
230919_A00469_0544_BHJLK2DSX7,1,CTCTACTC-TAAGTGGC,REVOLVE_0012,SC-REV-012,REVOLVE_0012_01_LB02-01,WG,R,Ly,REVWGTS,6776_1_LDI104344,2023-09-13_u166_s34_k154-138644,False
231020_A00469_0563_AHWMCNDSX5,1,ATCGGTGT-ACATGGAG,REVOLVE_0016,SC-REV-016,REVOLVE_0016_16_LB01-01,WG,M,Pm,REVWGTS,6847_1_LDI105746,2023-10-11_u166_s34_k154-0000138644,False
231020_A00469_0563_AHWMCNDSX5,1,TCTCGCAA-ACAAGACG,REVOLVE_0016,SC-REV-016,REVOLVE_0016_01_LB01-01,WG,R,Ly,REVWGTS,6847_1_LDI105745,2023-10-11_u166_s34_k154-0000138644,False
231024_A00469_0566_AHMHTLDSX7,3,TCTCGCGC-GCCTCTAT,REVOLVE_0016,SC-REV-016,REVOLVE_0016_16_LB02-01,WT,M,Pm,REVWGTS,6854_3_LDI105753,2023-10-12_u142_s33_k160-20764836 20764831 20756988,False
231024_A00469_0566_AHMHTLDSX7,4,TCTCGCGC-GCCTCTAT,REVOLVE_0016,SC-REV-016,REVOLVE_0016_16_LB02-01,WT,M,Pm,REVWGTS,6854_4_LDI105753,2023-10-12_u142_s33_k160-20764836 20764831 20756988,False
231106_A00469_0573_AHMJVMDSX7,1,AGTGCAGT-ATTCCGCT,REVOLVE_0018,SC-REV-018,REVOLVE_0018_14_LB01-01,WG,R,Ly,REVWGTS,6877_1_LDI106060,2023-10-24_u142_s34_k154-0000138644,False
231106_A00469_0573_AHMJVMDSX7,1,CCAAGTTG-TACATCGG,REVOLVE_0014,SC-REV-014,REVOLVE_0014_13_LB01-01,WG,M,Pm,REVWGTS,6877_1_LDI106055,2023-10-24_u142_s34_k154-0000138644,False
231106_A00469_0573_AHMJVMDSX7,1,CCTACTGA-ATGCGTCA,REVOLVE_0014,SC-REV-014,REVOLVE_0014_14_LB01-01,WG,R,Ly,REVWGTS,6877_1_LDI106056,2023-10-24_u142_s34_k154-0000138644,False
231106_A00469_0573_AHMJVMDSX7,1,TGCCATTC-TGATCACG,REVOLVE_0017,SC-REV-017,REVOLVE_0017_14_LB01-01,WG,R,Ly,REVWGTS,6877_1_LDI106058,2023-10-24_u142_s34_k154-0000138644,False
231106_A00469_0573_AHMJVMDSX7,1,TTGATCCG-AAGCTCAC,REVOLVE_0018,SC-REV-018,REVOLVE_0018_13_LB01-01,WG,M,Pm,REVWGTS,6877_1_LDI106059,2023-10-24_u142_s34_k154-0000138644,False
